,date4,size,BTC Price,Date1
0,2016-01-24,1,388.538,2016-01-24
1,2016-02-04,2,370.433,2016-02-04
2,2016-02-15,1,405.621,2016-02-15
3,2016-02-18,1,417.492,2016-02-18
4,2016-02-22,1,436.14,2016-02-22
5,2016-02-28,1,425.502,2016-02-28
6,2016-03-01,2,436.426,2016-03-01
7,2016-03-02,1,434.001,2016-03-02
8,2016-03-06,1,397.883,2016-03-06
9,2016-03-10,1,411.672,2016-03-10
10,2016-03-19,1,407.473,2016-03-19
11,2016-03-23,1,417.318,2016-03-23
12,2016-04-05,1,422.044,2016-04-05
13,2016-04-10,1,418.078,2016-04-10
14,2016-04-11,1,421.192,2016-04-11
15,2016-05-02,1,453.067,2016-05-02
16,2016-05-03,1,443.681,2016-05-03
17,2016-05-18,1,454.064,2016-05-18
18,2016-05-24,2,444.489,2016-05-24
19,2016-05-25,1,447.035,2016-05-25
20,2016-05-28,2,489.847,2016-05-28
21,2016-06-05,1,579.343,2016-06-05
22,2016-06-07,1,585.399,2016-06-07
23,2016-06-13,1,682.226,2016-06-13
24,2016-06-17,2,773.25,2016-06-17
25,2016-06-21,1,702.696,2016-06-21
26,2016-06-24,1,657.08999,2016-06-24
27,2016-07-07,1,671.814,2016-07-07
28,2016-07-31,1,635.588,2016-07-31
29,2016-08-02,3,601.227,2016-08-02
30,2016-08-09,1,586.715,2016-08-09
31,2016-08-14,1,581.65,2016-08-14
32,2016-08-26,1,575.0625,2016-08-26
33,2016-08-27,1,575.3425,2016-08-27
34,2016-08-28,1,568.78875,2016-08-28
35,2016-08-31,1,573.78125,2016-08-31
36,2016-09-04,1,596.45375,2016-09-04
37,2016-09-10,1,620.59875,2016-09-10
38,2016-09-13,1,607.03625,2016-09-13
39,2016-09-15,2,606.8975,2016-09-15
40,2016-09-16,1,605.52125,2016-09-16
41,2016-09-20,1,606.7175,2016-09-20
42,2016-10-14,1,635.88375,2016-10-14
43,2016-10-21,1,629.61249,2016-10-21
44,2016-10-30,1,704.91,2016-10-30
45,2016-11-03,1,741.84875,2016-11-03
46,2016-11-14,1,704.62125,2016-11-14
47,2016-11-23,1,745.97875,2016-11-23
48,2016-11-26,1,737.4025,2016-11-26
49,2016-12-05,1,760.1,2016-12-05
50,2016-12-07,1,758.35375,2016-12-07
51,2016-12-08,1,763.23625,2016-12-08
52,2016-12-11,1,765.9525,2016-12-11
53,2016-12-12,1,769.8275,2016-12-12
54,2016-12-16,1,776.415,2016-12-16
55,2016-12-22,1,842.63875,2016-12-22
56,2016-12-28,1,948.89875,2016-12-28
57,2017-01-01,3,964.325,2017-01-01
58,2017-01-02,1,1009.97375,2017-01-02
59,2017-01-03,1,1028.33375,2017-01-03
60,2017-01-08,2,923.52375,2017-01-08
61,2017-01-14,2,820.68875,2017-01-14
62,2017-01-19,2,888.0625,2017-01-19
63,2017-01-20,2,896.16375,2017-01-20
64,2017-01-22,1,934.7775,2017-01-22
65,2017-02-05,1,1029.40124,2017-02-05
66,2017-02-13,1,1004.85375,2017-02-13
67,2017-02-14,1,994.58,2017-02-14
68,2017-02-16,1,1018.41125,2017-02-16
69,2017-02-17,3,1038.86625,2017-02-17
70,2017-02-18,2,1058.315,2017-02-18
71,2017-02-20,1,1046.66249,2017-02-20
72,2017-02-22,1,1112.86375,2017-02-22
73,2017-02-23,1,1122.515,2017-02-23
74,2017-02-24,3,1193.501,2017-02-24
75,2017-02-25,1,1182.429,2017-02-25
76,2017-02-28,2,1189.94699,2017-02-28
77,2017-03-01,1,1193.611,2017-03-01
78,2017-03-02,1,1221.05,2017-03-02
79,2017-03-08,1,1206.357,2017-03-08
80,2017-03-09,1,1153.06,2017-03-09
81,2017-03-12,1,1186.351,2017-03-12
82,2017-03-15,1,1245.892,2017-03-15
83,2017-03-16,3,1247.67099,2017-03-16
84,2017-03-17,1,1126.08199,2017-03-17
85,2017-03-18,1,1062.07,2017-03-18
86,2017-03-19,1,1000.24599,2017-03-19
87,2017-03-22,2,1091.333,2017-03-22
88,2017-03-24,1,1013.844,2017-03-24
89,2017-03-25,1,921.808,2017-03-25
90,2017-03-28,3,1035.32199,2017-03-28
91,2017-04-01,1,1077.557,2017-04-01
92,2017-04-02,3,1082.37,2017-04-02
93,2017-04-06,2,1150.685,2017-04-06
94,2017-04-08,1,1196.896,2017-04-08
95,2017-04-10,2,1213.801,2017-04-10
96,2017-04-17,3,1184.2,2017-04-17
97,2017-04-18,1,1211.73799,2017-04-18
98,2017-04-19,2,1218.666,2017-04-19
99,2017-04-22,2,1255.25125,2017-04-22
100,2017-04-23,1,1232.7575,2017-04-23
101,2017-04-25,1,1251.5775,2017-04-25
102,2017-04-26,1,1269.69625,2017-04-26
103,2017-04-29,1,1319.7,2017-04-29
104,2017-04-30,3,1311.58874,2017-04-30
105,2017-05-01,3,1370.79,2017-05-01
106,2017-05-03,1,1448.88625,2017-05-03
107,2017-05-04,1,1506.7725,2017-05-04
108,2017-05-09,4,1644.72875,2017-05-09
109,2017-05-10,2,1695.83125,2017-05-10
110,2017-05-11,1,1748.35375,2017-05-11
111,2017-05-12,2,1774.52,2017-05-12
112,2017-05-13,1,1634.6075,2017-05-13
113,2017-05-14,1,1774.805,2017-05-14
114,2017-05-15,2,1747.04375,2017-05-15
115,2017-05-16,1,1665.0325,2017-05-16
116,2017-05-17,2,1744.44125,2017-05-17
117,2017-05-18,3,1796.89625,2017-05-18
118,2017-05-19,4,1913.13875,2017-05-19
119,2017-05-20,3,1983.97875,2017-05-20
120,2017-05-22,5,2114.98875,2017-05-22
121,2017-05-24,3,2348.55249,2017-05-24
122,2017-05-25,1,2581.85375,2017-05-25
123,2017-05-26,1,2460.95375,2017-05-26
124,2017-05-27,5,2232.2875,2017-05-27
125,2017-05-28,1,2234.83374,2017-05-28
126,2017-05-29,1,2195.785,2017-05-29
127,2017-05-30,2,2315.73625,2017-05-30
128,2017-05-31,2,2170.98124,2017-05-31
129,2017-06-01,2,2402.125,2017-06-01
130,2017-06-03,1,2475.2975,2017-06-03
131,2017-06-04,1,2526.31125,2017-06-04
132,2017-06-05,2,2605.125,2017-06-05
133,2017-06-06,1,2855.03,2017-06-06
134,2017-06-07,2,2900.8525,2017-06-07
135,2017-06-08,1,2737.9025,2017-06-08
136,2017-06-10,1,2846.00625,2017-06-10
137,2017-06-11,4,2910.33625,2017-06-11
138,2017-06-12,2,3007.0125,2017-06-12
139,2017-06-13,5,2697.0775,2017-06-13
140,2017-06-15,7,2518.54875,2017-06-15
141,2017-06-17,4,2520.78375,2017-06-17
142,2017-06-18,1,2680.1025,2017-06-18
143,2017-06-19,1,2611.67999,2017-06-19
144,2017-06-21,3,2805.0975,2017-06-21
145,2017-06-22,4,2702.00375,2017-06-22
146,2017-06-23,2,2763.29125,2017-06-23
147,2017-06-24,1,2740.5925,2017-06-24
148,2017-06-25,3,2598.15875,2017-06-25
149,2017-06-26,1,2630.59499,2017-06-26
150,2017-06-27,2,2513.42999,2017-06-27
151,2017-06-28,1,2556.1675,2017-06-28
152,2017-06-30,5,2547.3225,2017-06-30
153,2017-07-01,4,2479.05499,2017-07-01
154,2017-07-02,3,2424.69875,2017-07-02
155,2017-07-03,2,2513.74125,2017-07-03
156,2017-07-04,3,2640.06125,2017-07-04
157,2017-07-05,1,2588.67875,2017-07-05
158,2017-07-07,2,2598.57,2017-07-07
159,2017-07-09,2,2586.0425,2017-07-09
160,2017-07-10,1,2524.12624,2017-07-10
161,2017-07-11,6,2352.265,2017-07-11
162,2017-07-12,5,2292.91375,2017-07-12
163,2017-07-13,3,2437.55375,2017-07-13
164,2017-07-14,1,2337.67875,2017-07-14
165,2017-07-15,2,2109.37375,2017-07-15
166,2017-07-17,2,1986.9425,2017-07-17
167,2017-07-19,3,2354.8925,2017-07-19
168,2017-07-20,1,2349.355,2017-07-20
169,2017-07-21,5,2740.56875,2017-07-21
170,2017-07-23,4,2831.67875,2017-07-23
171,2017-07-25,5,2768.8025,2017-07-25
172,2017-07-26,2,2540.20874,2017-07-26
173,2017-07-27,6,2570.195,2017-07-27
174,2017-07-28,3,2699.72125,2017-07-28
175,2017-07-29,7,2719.69,2017-07-29
176,2017-07-30,2,2714.70375,2017-07-30
177,2017-07-31,6,2718.6175,2017-07-31
178,2017-08-02,7,2739.70875,2017-08-02
179,2017-08-03,3,2740.07125,2017-08-03
180,2017-08-04,5,2811.71,2017-08-04
181,2017-08-05,1,3123.41125,2017-08-05
182,2017-08-06,5,3254.71,2017-08-06
183,2017-08-08,5,3474.7625,2017-08-08
184,2017-08-10,4,3364.41125,2017-08-10
185,2017-08-12,2,3705.43,2017-08-12
186,2017-08-14,1,4036.7575,2017-08-14
187,2017-08-16,3,4118.9025,2017-08-16
188,2017-08-18,6,4311.685,2017-08-18
189,2017-08-19,1,4180.23875,2017-08-19
190,2017-08-20,4,4139.38125,2017-08-20
191,2017-08-22,8,3911.27625,2017-08-22
192,2017-08-24,2,4178.75625,2017-08-24
193,2017-08-26,7,4359.9025,2017-08-26
194,2017-08-28,3,4340.46,2017-08-28
195,2017-08-30,3,4664.64375,2017-08-30
196,2017-09-01,1,4783.17,2017-09-01
197,2017-09-03,3,4672.56875,2017-09-03
198,2017-09-05,6,4160.535,2017-09-05
199,2017-09-07,4,4543.1025,2017-09-07
200,2017-09-09,7,4280.975,2017-09-09
201,2017-09-11,3,4307.82625,2017-09-11
202,2017-09-13,2,3944.58375,2017-09-13
203,2017-09-15,3,3358.10875,2017-09-15
204,2017-09-17,2,3608.595,2017-09-17
205,2017-09-21,2,3827.685,2017-09-21
206,2017-09-25,1,3753.435,2017-09-25
207,2017-09-27,1,3939.515,2017-09-27
208,2017-09-29,5,4062.20375,2017-09-29
209,2017-10-01,3,4300.55125,2017-10-01
210,2017-10-03,3,4424.4725,2017-10-03
211,2017-10-05,3,4186.78374,2017-10-05
212,2017-10-07,2,4370.16875,2017-10-07
213,2017-10-09,2,4624.34875,2017-10-09
214,2017-10-11,4,4741.70875,2017-10-11
215,2017-10-13,1,5728.5475,2017-10-13
216,2017-10-15,5,5779.07375,2017-10-15
217,2017-10-17,2,5643.55375,2017-10-17
218,2017-10-19,1,5627.08625,2017-10-19
219,2017-10-21,4,6098.115,2017-10-21
220,2017-10-23,4,5969.795,2017-10-23
221,2017-10-25,4,5550.85875,2017-10-25
222,2017-10-29,4,5741.7225,2017-10-29
223,2017-10-31,2,6130.56375,2017-10-31
224,2017-11-04,3,7210.46875,2017-11-04
225,2017-11-06,3,7231.93,2017-11-06
226,2017-11-08,5,7356.50625,2017-11-08
227,2017-11-12,4,6075.30125,2017-11-12
228,2017-11-14,2,6666.27125,2017-11-14
229,2017-11-16,4,7259.3,2017-11-16
230,2017-11-18,2,7598.2775,2017-11-18
231,2017-11-20,1,7954.7675,2017-11-20
232,2017-11-24,3,8094.445,2017-11-24
233,2017-11-26,4,8851.305,2017-11-26
234,2017-11-28,2,9713.09625,2017-11-28
235,2017-11-30,2,10542.6625,2017-11-30
236,2017-12-02,1,10923.20125,2017-12-02
237,2017-12-04,6,11382.20875,2017-12-04
238,2017-12-06,1,12230.365,2017-12-06
239,2017-12-08,2,16403.42125,2017-12-08
240,2017-12-10,1,13152.52875,2017-12-10
241,2017-12-12,2,16374.8975,2017-12-12
242,2017-12-14,2,16246.13875,2017-12-14
243,2017-12-20,3,16862.57125,2017-12-20
244,2017-12-22,3,14182.46499,2017-12-22
245,2017-12-24,1,14103.21875,2017-12-24
246,2017-12-28,2,14362.40375,2017-12-28
247,2017-12-30,2,13643.695,2017-12-30
248,2018-01-02,2,13337.62125,2018-01-02
249,2018-01-06,1,16576.69625,2018-01-06
250,2018-01-08,2,15632.41125,2018-01-08
251,2018-01-10,6,14122.825,2018-01-10
252,2018-01-12,1,13633.36375,2018-01-12
253,2018-01-14,4,14217.3625,2018-01-14
254,2018-01-16,4,12915.11625,2018-01-16
255,2018-01-18,6,11340.65,2018-01-18
256,2018-01-20,1,11742.94125,2018-01-20
257,2018-01-22,4,11508.62,2018-01-22
258,2018-01-24,5,10830.9275,2018-01-24
259,2018-01-26,3,11524.345,2018-01-26
260,2018-01-28,5,11452.23,2018-01-28
261,2018-01-30,2,10917.15125,2018-01-30
262,2018-02-01,1,9970.30875,2018-02-01
263,2018-02-05,5,8136.39,2018-02-05
264,2018-02-07,4,7270.5075,2018-02-07
265,2018-02-09,3,8086.7725,2018-02-09
266,2018-02-11,3,8045.44,2018-02-11
267,2018-02-13,3,8766.8525,2018-02-13
268,2018-02-15,1,9659.2875,2018-02-15
269,2018-02-17,5,10474.77125,2018-02-17
270,2018-02-21,4,10928.02,2018-02-21
271,2018-02-23,3,9809.72125,2018-02-23
272,2018-02-25,2,9585.285,2018-02-25
273,2018-02-27,7,10272.9025,2018-02-27
274,2018-03-03,2,11305.1225,2018-03-03
275,2018-03-05,4,11558.475,2018-03-05
276,2018-03-07,1,10735.88625,2018-03-07
277,2018-03-11,1,8680.6075,2018-03-11
278,2018-03-13,2,9047.5125,2018-03-13
279,2018-03-15,1,7895.98875,2018-03-15
280,2018-03-19,2,8189.49125,2018-03-19
281,2018-03-21,4,9028.2975,2018-03-21
282,2018-03-27,3,7854.6375,2018-03-27
283,2018-03-29,2,7866.36,2018-03-29
284,2018-03-31,1,6970.36375,2018-03-31
285,2018-04-02,3,6986.835,2018-04-02
286,2018-04-06,6,6766.5925,2018-04-06
287,2018-04-08,1,6964.4325,2018-04-08
288,2018-04-10,5,6789.2675,2018-04-10
289,2018-04-12,1,6941.63875,2018-04-12
290,2018-04-14,3,8040.88125,2018-04-14
291,2018-04-16,3,8160.4125,2018-04-16
292,2018-04-18,5,7937.61,2018-04-18
293,2018-04-20,2,8333.81374,2018-04-20
294,2018-04-24,3,9191.82,2018-04-24
295,2018-04-26,3,8807.515,2018-04-26
296,2018-04-28,1,9144.38375,2018-04-28
297,2018-04-30,4,9268.7175,2018-04-30
298,2018-05-04,3,9572.69875,2018-05-04
299,2018-05-06,5,9845.54375,2018-05-06
300,2018-05-08,3,9424.99124,2018-05-08
301,2018-05-14,2,8398.86249,2018-05-14
302,2018-05-16,4,8159.25625,2018-05-16
303,2018-05-18,3,7996.82125,2018-05-18
304,2018-05-20,4,8250.395,2018-05-20
305,2018-05-22,2,8324.025,2018-05-22
306,2018-05-24,2,7614.96375,2018-05-24
307,2018-05-26,4,7436.835,2018-05-26
308,2018-05-28,4,7383.2175,2018-05-28
309,2018-06-01,6,7490.62125,2018-06-01
310,2018-06-03,4,7630.403388155,2018-06-03
311,2018-06-05,4,7505.5892769261,2018-06-05
312,2018-06-07,2,7658.57,2018-06-07
313,2018-06-09,6,7618.11,2018-06-09
314,2018-06-13,5,6525.329181606,2018-06-13
315,2018-06-15,1,6601.3241577351,2018-06-15
316,2018-06-17,2,6529.5440149899,2018-06-17
317,2018-06-19,2,6711.6496699796,2018-06-19
318,2018-06-21,4,6736.8677212375,2018-06-21
319,2018-06-23,1,6099.445277341,2018-06-23
320,2018-06-25,1,6142.3925697055,2018-06-25
321,2018-06-27,5,6148.4227054114,2018-06-27
322,2018-06-29,3,5954.5265818138,2018-06-29
323,2018-07-01,2,6343.8921999592,2018-07-01
324,2018-07-03,5,6629.7495948521,2018-07-03
325,2018-07-05,6,6589.6327930083,2018-07-05
326,2018-07-07,6,6596.53,2018-07-07
327,2018-07-09,5,6744.9886791676,2018-07-09
328,2018-07-11,3,6364.3875895982,2018-07-11
329,2018-07-13,5,6144.8101179498,2018-07-13
330,2018-07-15,1,6254.6781291793,2018-07-15
331,2018-07-17,3,6671.6259190668,2018-07-17
332,2018-07-19,2,7359.7370183427,2018-07-19
333,2018-07-21,4,7357.4456773198,2018-07-21
334,2018-07-23,2,7411.2005247349,2018-07-23
335,2018-07-25,1,8325.8015336658,2018-07-25
336,2018-07-27,3,7925.2473958792,2018-07-27
337,2018-07-29,2,8184.6955351747,2018-07-29
338,2018-07-31,1,8166.3883602012,2018-07-31
339,2018-08-02,5,7588.5861802231,2018-08-02
340,2018-08-04,3,7423.0743779862,2018-08-04
341,2018-08-06,1,7411.5152993623,2018-08-06
342,2018-08-08,1,6748.4414841816,2018-08-08
343,2018-08-10,3,6482.9734487615,2018-08-10
344,2018-08-12,2,6391.5992583652,2018-08-12
345,2018-08-14,2,6260.1929950271,2018-08-14
346,2018-08-18,1,6566.5952833952,2018-08-18
347,2018-08-20,1,6516.6683821435,2018-08-20
348,2018-08-22,1,6470.7335666523,2018-08-22
349,2018-08-24,3,6503.8323619614,2018-08-24
350,2018-08-28,4,6756.6289258733,2018-08-28
351,2018-08-30,3,7059.2312352573,2018-08-30
352,2018-09-01,1,7028.447311566,2018-09-01
353,2018-09-05,1,7361.2718642376,2018-09-05
354,2018-09-07,2,6471.493883654,2018-09-07
355,2018-09-09,3,6181.7442069566,2018-09-09
356,2018-09-11,1,6275.0831321787,2018-09-11
357,2018-09-13,1,6277.4944091253,2018-09-13
358,2018-09-15,1,6285.9824663114,2018-09-15
359,2018-09-23,2,6293.8364208374,2018-09-23
360,2018-09-27,1,6509.7766212475,2018-09-27
361,2018-09-29,2,6502.6881513173,2018-09-29
362,2018-10-01,1,6647.3879467315,2018-10-01
363,2018-10-03,1,6576.3542289419,2018-10-03
364,2018-10-05,1,6594.9357857858,2018-10-05
365,2018-10-07,1,6595.2603262611,2018-10-07
366,2018-10-15,4,6361.4170162729,2018-10-15
367,2018-10-21,4,6407.4790849086,2018-10-21
368,2018-10-23,4,6396.8801542538,2018-10-23
369,2018-10-25,1,6407.667175231,2018-10-25
370,2018-10-27,2,6392.1793373833,2018-10-27
371,2018-10-29,4,6266.1896827178,2018-10-29
372,2018-11-02,1,6360.1412719216,2018-11-02
373,2018-11-04,1,6405.1397546807,2018-11-04
374,2018-11-06,1,6425.9178018185,2018-11-06
375,2018-11-08,4,6412.524289058,2018-11-08
376,2018-11-10,2,,
377,2018-11-12,1,,
378,2018-11-14,2,5524.8010934193,2018-11-14
379,2018-11-16,3,,
380,2018-11-18,2,,
381,2018-11-20,2,4246.3127740611,2018-11-20
382,2018-11-28,1,4174.31997237,2018-11-28
383,2018-11-30,1,3952.4478953992,2018-11-30
384,2018-12-02,1,4118.5182417699,2018-12-02
385,2018-12-08,2,,
386,2018-12-10,2,,
387,2018-12-12,3,3414.8337488292,2018-12-12
388,2018-12-14,1,3212.207080727,2018-12-14
389,2018-12-16,3,3200.6424680869,2018-12-16
390,2018-12-18,3,3562.8949463603,2018-12-18
391,2018-12-22,2,,
392,2018-12-24,1,4054.2962598168,2018-12-24
393,2018-12-26,2,3807.1530224727,2018-12-26
394,2019-01-02,2,3715.5644411293,2019-01-02
395,2019-01-04,3,3795.5927412969,2019-01-04
396,2019-01-06,3,3809.9143429619,2019-01-06
397,2019-01-10,5,3995.3251931641,2019-01-10
398,2019-01-12,5,3606.1648903844,2019-01-12
399,2019-01-14,2,3497.6693915005,2019-01-14
400,2019-01-16,5,3568.7512587366,2019-01-16
401,2019-01-18,3,3623.717336702,2019-01-18
402,2019-01-20,1,3690.9085636878,2019-01-20
403,2019-01-22,9,3528.4635294479,2019-01-22
404,2019-01-24,1,3549.770799097,2019-01-24
405,2019-01-30,3,3395.0186452497,2019-01-30
406,2019-02-01,4,3420.633226576,2019-02-01
407,2019-02-03,3,3433.0352852216,2019-02-03
408,2019-02-05,2,3412.2304311019,2019-02-05
409,2019-02-07,3,3367.5190315823,2019-02-07
410,2019-02-09,7,3591.0221518825,2019-02-09
411,2019-02-11,1,3621.1540027134,2019-02-11
412,2019-02-13,4,3579.3418810265,2019-02-13
413,2019-02-15,8,3558.3968581047,2019-02-15
414,2019-02-17,2,3596.4051912371,2019-02-17
415,2019-02-21,7,3924.7398439211,2019-02-21
416,2019-02-23,4,3933.6075896328,2019-02-23
417,2019-02-25,4,3763.6205157956,2019-02-25
418,2019-02-27,4,3797.5817895103,2019-02-27
419,2019-03-01,6,3799.678542951,2019-03-01
420,2019-03-03,4,3804.4191701095,2019-03-03
421,2019-03-05,3,3689.8628931904,2019-03-05
422,2019-03-07,2,3848.9563696825,2019-03-07
423,2019-03-09,7,3828.3719040694,2019-03-09
424,2019-03-11,5,3899.6558689562,2019-03-11
425,2019-03-13,3,3866.2959463248,2019-03-13
426,2019-03-15,5,3855.7443626577,2019-03-15
427,2019-03-17,4,3985.8512364813,2019-03-17
428,2019-03-19,2,3974.4157640954,2019-03-19
429,2019-03-21,4,4027.7873954939,2019-03-21
430,2019-03-23,4,3987.3052249052,2019-03-23
431,2019-03-25,6,3968.4387009854,2019-03-25
432,2019-03-27,1,3915.3753197805,2019-03-27
433,2019-03-29,1,4008.3708718477,2019-03-29
434,2019-03-31,3,4081.2216046987,2019-03-31
435,2019-04-02,2,4135.1849399747,2019-04-02
436,2019-04-06,2,5030.9332705867,2019-04-06
437,2019-04-08,5,5198.1731702888,2019-04-08
438,2019-04-10,1,5179.997649218,2019-04-10
439,2019-04-12,2,5049.6058235388,2019-04-12
440,2019-04-16,2,5045.6751659083,2019-04-16
441,2019-04-18,2,5220.9599338197,2019-04-18
442,2019-04-20,1,5266.6612458779,2019-04-20
443,2019-04-22,2,5276.5583181647,2019-04-22
444,2019-04-24,1,5552.5219105461,2019-04-24
445,2019-04-26,7,5132.227526274,2019-04-26
446,2019-04-28,2,5200.1932393191,2019-04-28
447,2019-04-30,2,5151.4334996793,2019-04-30
448,2019-05-02,4,5297.9424922151,2019-05-02
449,2019-05-04,2,5697.6790537992,2019-05-04
450,2019-05-06,1,5713.0350518135,2019-05-06
451,2019-05-08,3,5899.5296934602,2019-05-08
452,2019-05-10,2,6159.6859018287,2019-05-10
453,2019-05-12,2,7254.8055361621,2019-05-12
454,2019-05-14,1,7906.9408350528,2019-05-14
455,2019-05-16,4,8177.4535191838,2019-05-16
456,2019-05-20,1,8221.2593953546,2019-05-20
457,2019-05-22,3,7961.1287431622,2019-05-22
458,2019-05-24,3,7903.8469103955,2019-05-24
459,2019-05-26,4,8089.5701634982,2019-05-26
460,2019-05-28,1,8800.3466061527,2019-05-28
461,2019-05-30,4,8672.4001072907,2019-05-30
462,2019-06-03,1,8744.2655607165,2019-06-03
463,2019-06-05,1,7645.5725139007,2019-06-05
464,2019-06-07,4,7730.8817258862,2019-06-07
465,2019-06-09,1,7949.425798625,2019-06-09
466,2019-06-11,4,7954.0062377205,2019-06-11
467,2019-06-13,1,8151.7886797815,2019-06-13
468,2019-06-15,2,8667.7879539941,2019-06-15
469,2019-06-17,2,9061.5404606385,2019-06-17
470,2019-06-19,4,9012.4878496522,2019-06-19
471,2019-06-21,4,9559.9006885716,2019-06-21
472,2019-06-23,4,10461.4121688088,2019-06-23
473,2019-06-25,3,10996.4597495353,2019-06-25
474,2019-06-27,1,12444.9258599878,2019-06-27
475,2019-07-01,4,10932.3105071733,2019-07-01
476,2019-07-03,3,10800.1301399504,2019-07-03
477,2019-07-05,1,11645.5246063376,2019-07-05
478,2019-07-07,1,11219.0460004352,2019-07-07
479,2019-07-09,1,12335.9993946484,2019-07-09
480,2019-07-11,3,12054.1837934894,2019-07-11
481,2019-07-15,4,10506.3958273087,2019-07-15
482,2019-07-17,1,9490.4105157548,2019-07-17
483,2019-07-19,1,10603.3488731713,2019-07-19
484,2019-07-21,1,10983.2160020296,2019-07-21
485,2019-07-25,1,9771.5047613175,2019-07-25
486,2019-07-27,1,9812.2263505784,2019-07-27
487,2019-07-29,2,9495.855261405,2019-07-29
488,2019-07-31,2,9572.735371803,2019-07-31
489,2019-08-02,1,10385.2006061246,2019-08-02
490,2019-08-04,2,10831.2598554087,2019-08-04
491,2019-08-08,1,11956.0472230184,2019-08-08
492,2019-08-14,1,10869.3791128623,2019-08-14
493,2019-08-22,1,10064.9167944793,2019-08-22
494,2019-08-26,2,10068.922419922,2019-08-26
495,2019-08-28,4,10122.1965329581,2019-08-28
496,2019-09-05,1,10555.0469008368,2019-09-05
497,2019-09-09,1,10402.7965306911,2019-09-09
498,2019-09-11,1,10082.9468264833,2019-09-11
499,2019-09-21,1,10138.3352052234,2019-09-21
500,2019-10-03,1,8273.4640176573,2019-10-03
501,2019-10-15,1,8337.8189985374,2019-10-15
502,2019-10-17,2,8003.8203947876,2019-10-17
503,2019-10-19,1,7970.2394756046,2019-10-19
504,2019-10-21,2,8200.3187633988,2019-10-21
505,2019-10-23,2,8073.4095438836,2019-10-23
506,2019-10-25,1,7460.6174159279,2019-10-25
507,2019-11-04,1,9202.41545055,2019-11-04
508,2019-11-08,3,9226.4858208826,2019-11-08
509,2019-11-20,1,8118.4885358003,2019-11-20
510,2019-11-22,1,7612.7405735024,2019-11-22
511,2019-12-02,1,7381.9630078152,2019-12-02
512,2019-12-04,1,7315.3677645579,2019-12-04
513,2019-12-14,1,7238.8743229875,2019-12-14
514,2019-12-16,2,7112.7314761241,2019-12-16
515,2019-12-18,1,6584.0288433458,2019-12-18
516,2019-12-26,1,7212.8093952216,2019-12-26
517,2020-01-02,1,7174.7440119511,2020-01-02
518,2020-01-04,1,7291.2195053189,2020-01-04
519,2020-01-06,1,7347.4332644392,2020-01-06
520,2020-01-12,1,8078.9935319903,2020-01-12
521,2020-01-14,2,8116.9610079465,2020-01-14
522,2020-01-16,1,8843.6757322237,2020-01-16
523,2020-01-20,2,8638.1814404614,2020-01-20
524,2020-01-24,2,8384.0887767671,2020-01-24
525,2020-01-26,2,8347.567505406,2020-01-26
526,2020-02-01,1,9388.8807518859,2020-02-01
527,2020-02-05,1,9177.8946372066,2020-02-05
528,2020-02-09,1,9927.7782564213,2020-02-09
529,2020-02-11,1,9838.9000162764,2020-02-11
530,2020-02-19,2,10189.9959829746,2020-02-19
531,2020-02-21,1,9631.4849459561,2020-02-21
532,2020-03-12,2,7955.3062841815,2020-03-12
533,2020-03-14,1,5672.6812010316,2020-03-14
534,2020-03-22,1,6187.0537502172,2020-03-22
535,2020-03-26,1,6706.9850891337,2020-03-26
536,2020-03-30,1,5922.4898350924,2020-03-30
537,2020-04-01,1,6446.4213468415,2020-04-01
538,2020-04-03,2,6850.5587116906,2020-04-03
539,2020-04-09,2,7367.2933984502,2020-04-09
540,2020-04-15,1,6887.554907833,2020-04-15
541,2020-04-17,1,7166.5828171387,2020-04-17
542,2020-04-21,3,6856.1464345446,2020-04-21
543,2020-04-25,3,7497.8617638281,2020-04-25
544,2020-04-27,2,7624.8537859232,2020-04-27
545,2020-04-29,1,7761.7587840758,2020-04-29
546,2020-05-03,1,8963.057557797,2020-05-03
547,2020-05-05,2,8887.5058925872,2020-05-05
548,2020-05-07,2,9371.6842727917,2020-05-07
549,2020-05-09,1,9917.2484143422,2020-05-09
550,2020-05-17,1,9418.9185505051,2020-05-17
551,2020-05-23,1,9192.8451358053,2020-05-23
552,2020-05-27,1,8835.7272240409,2020-05-27
553,2020-06-02,2,10268.5819847333,2020-06-02
554,2020-06-06,2,9659.6612981892,2020-06-06
555,2020-06-14,1,9458.6597544046,2020-06-14
556,2020-06-16,1,9441.7689955465,2020-06-16
557,2020-06-22,1,9289.104491444,2020-06-22
558,2020-06-26,1,9252.6333717662,2020-06-26
559,2020-06-28,1,9022.1537680028,2020-06-28
560,2020-06-30,1,9188.0613754617,2020-06-30
561,2020-07-06,1,9055.4644825162,2020-07-06
562,2020-07-10,1,9236.1432537083,2020-07-10
563,2020-07-12,1,9229.85975494,2020-07-12
564,2020-07-20,1,9190.2715341962,2020-07-20
565,2020-07-24,1,9617.3778613786,2020-07-24
566,2020-07-30,1,11284.4589868467,2020-07-30
567,2020-08-01,1,11373.3172566418,2020-08-01
568,2020-08-15,3,11783.2834112599,2020-08-15
569,2020-08-19,1,12071.738909085,2020-08-19
570,2020-08-21,3,11833.8973486966,2020-08-21
571,2020-08-23,2,11674.6243539052,2020-08-23
572,2020-08-25,1,11744.0126966495,2020-08-25
573,2020-08-27,1,11458.8225964867,2020-08-27
574,2020-08-29,1,11482.2256865058,2020-08-29
575,2020-09-04,1,10712.9206460713,2020-09-04
576,2020-09-08,2,10381.7761069335,2020-09-08
577,2020-09-14,2,10313.06857949,2020-09-14
578,2020-09-16,1,10829.5053071986,2020-09-16
579,2020-09-18,1,10937.1112591004,2020-09-18
580,2020-09-26,1,10729.0696074184,2020-09-26
581,2020-09-30,1,10764.2843707196,2020-09-30
582,2020-10-12,1,11334.0267420322,2020-10-12
583,2020-10-14,1,11443.7327918222,2020-10-14
584,2020-10-18,2,11358.7063796297,2020-10-18
585,2020-10-20,2,11776.5929973295,2020-10-20
586,2020-10-24,4,12933.8235654933,2020-10-24
587,2020-10-26,2,13008.4532577537,2020-10-26
588,2020-10-30,1,13467.7317828145,2020-10-30
589,2020-11-01,2,13891.2168331626,2020-11-01
590,2020-11-03,1,13633.6982168925,2020-11-03
591,2020-11-07,5,15540.5965908122,2020-11-07
592,2020-11-11,1,15374.0443857602,2020-11-11
593,2020-11-17,3,16752.0029899638,2020-11-17
594,2020-11-21,3,18612.870672181,2020-11-21
595,2020-11-25,1,19045.7364656531,2020-11-25
596,2020-11-29,1,17814.7802784355,2020-11-29
597,2020-12-01,1,19382.3605858664,2020-12-01
598,2020-12-05,2,18813.1247602864,2020-12-05
599,2020-12-07,1,19113.9333950879,2020-12-07
600,2020-12-11,1,18359.4766003421,2020-12-11
601,2020-12-13,1,18882.2601710641,2020-12-13
602,2020-12-17,1,21310.6562622307,2020-12-17
603,2020-12-19,1,23008.7762567449,2020-12-19
604,2020-12-21,1,23537.3698908908,2020-12-21
605,2020-12-29,1,26718.0294634041,2020-12-29
